<?xml version="1.0" encoding="UTF-8" ?>
<!DOCTYPE mapper PUBLIC "-//mybatis.org//DTD Mapper 3.0//EN" "http://mybatis.org/dtd/mybatis-3-mapper.dtd" >
<mapper namespace="com.hnkjxy.mapper.ClassifyMapper" >
  <resultMap id="BaseResultMap" type="com.hnkjxy.pojo.Classify" >
    <id column="classify_id" property="classifyId" jdbcType="INTEGER" />
    <result column="cllassify_name" property="cllassifyName" jdbcType="VARCHAR" />
  </resultMap>
  <sql id="Example_Where_Clause" >
    <where >
      <foreach collection="oredCriteria" item="criteria" separator="or" >
        <if test="criteria.valid" >
          <trim prefix="(" suffix=")" prefixOverrides="and" >
            <foreach collection="criteria.criteria" item="criterion" >
              <choose >
                <when test="criterion.noValue" >
                  and ${criterion.condition}
                </when>
                <when test="criterion.singleValue" >
                  and ${criterion.condition} #{criterion.value}
                </when>
                <when test="criterion.betweenValue" >
                  and ${criterion.condition} #{criterion.value} and #{criterion.secondValue}
                </when>
                <when test="criterion.listValue" >
                  and ${criterion.condition}
                  <foreach collection="criterion.value" item="listItem" open="(" close=")" separator="," >
                    #{listItem}
                  </foreach>
                </when>
              </choose>
            </foreach>
          </trim>
        </if>
      </foreach>
    </where>
  </sql>
  <sql id="Update_By_Example_Where_Clause" >
    <where >
      <foreach collection="example.oredCriteria" item="criteria" separator="or" >
        <if test="criteria.valid" >
          <trim prefix="(" suffix=")" prefixOverrides="and" >
            <foreach collection="criteria.criteria" item="criterion" >
              <choose >
                <when test="criterion.noValue" >
                  and ${criterion.condition}
                </when>
                <when test="criterion.singleValue" >
                  and ${criterion.condition} #{criterion.value}
                </when>
                <when test="criterion.betweenValue" >
                  and ${criterion.condition} #{criterion.value} and #{criterion.secondValue}
                </when>
                <when test="criterion.listValue" >
                  and ${criterion.condition}
                  <foreach collection="criterion.value" item="listItem" open="(" close=")" separator="," >
                    #{listItem}
                  </foreach>
                </when>
              </choose>
            </foreach>
          </trim>
        </if>
      </foreach>
    </where>
  </sql>
  <sql id="Base_Column_List" >
    classify_id, cllassify_name
  </sql>
  <select id="selectByExample" resultMap="BaseResultMap" parameterType="com.hnkjxy.pojo.ClassifyExample" >
    select
    <if test="distinct" >
      distinct
    </if>
    <include refid="Base_Column_List" />
    from tb_classify
    <if test="_parameter != null" >
      <include refid="Example_Where_Clause" />
    </if>
    <if test="orderByClause != null" >
      order by ${orderByClause}
    </if>
  </select>
  <select id="selectByPrimaryKey" resultMap="BaseResultMap" parameterType="java.lang.Integer" >
    select 
    <include refid="Base_Column_List" />
    from tb_classify
    where classify_id = #{classifyId,jdbcType=INTEGER}
  </select>
  <delete id="deleteByPrimaryKey" parameterType="java.lang.Integer" >
    delete from tb_classify
    where classify_id = #{classifyId,jdbcType=INTEGER}
  </delete>
  <delete id="deleteByExample" parameterType="com.hnkjxy.pojo.ClassifyExample" >
    delete from tb_classify
    <if test="_parameter != null" >
      <include refid="Example_Where_Clause" />
    </if>
  </delete>
  <insert id="insert" parameterType="com.hnkjxy.pojo.Classify" >
    insert into tb_classify (classify_id, cllassify_name)
    values (#{classifyId,jdbcType=INTEGER}, #{cllassifyName,jdbcType=VARCHAR})
  </insert>
  <insert id="insertSelective" parameterType="com.hnkjxy.pojo.Classify" >
    insert into tb_classify
    <trim prefix="(" suffix=")" suffixOverrides="," >
      <if test="classifyId != null" >
        classify_id,
      </if>
      <if test="cllassifyName != null" >
        cllassify_name,
      </if>
    </trim>
    <trim prefix="values (" suffix=")" suffixOverrides="," >
      <if test="classifyId != null" >
        #{classifyId,jdbcType=INTEGER},
      </if>
      <if test="cllassifyName != null" >
        #{cllassifyName,jdbcType=VARCHAR},
      </if>
    </trim>
  </insert>
  <select id="countByExample" parameterType="com.hnkjxy.pojo.ClassifyExample" resultType="java.lang.Integer" >
    select count(*) from tb_classify
    <if test="_parameter != null" >
      <include refid="Example_Where_Clause" />
    </if>
  </select>
  <update id="updateByExampleSelective" parameterType="map" >
    update tb_classify
    <set >
      <if test="record.classifyId != null" >
        classify_id = #{record.classifyId,jdbcType=INTEGER},
      </if>
      <if test="record.cllassifyName != null" >
        cllassify_name = #{record.cllassifyName,jdbcType=VARCHAR},
      </if>
    </set>
    <if test="_parameter != null" >
      <include refid="Update_By_Example_Where_Clause" />
    </if>
  </update>
  <update id="updateByExample" parameterType="map" >
    update tb_classify
    set classify_id = #{record.classifyId,jdbcType=INTEGER},
      cllassify_name = #{record.cllassifyName,jdbcType=VARCHAR}
    <if test="_parameter != null" >
      <include refid="Update_By_Example_Where_Clause" />
    </if>
  </update>
  <update id="updateByPrimaryKeySelective" parameterType="com.hnkjxy.pojo.Classify" >
    update tb_classify
    <set >
      <if test="cllassifyName != null" >
        cllassify_name = #{cllassifyName,jdbcType=VARCHAR},
      </if>
    </set>
    where classify_id = #{classifyId,jdbcType=INTEGER}
  </update>
  <update id="updateByPrimaryKey" parameterType="com.hnkjxy.pojo.Classify" >
    update tb_classify
    set cllassify_name = #{cllassifyName,jdbcType=VARCHAR}
    where classify_id = #{classifyId,jdbcType=INTEGER}
  </update>
</mapper>