<?xml version="1.0" encoding="UTF-8" ?>
<!DOCTYPE mapper PUBLIC "-//mybatis.org//DTD Mapper 3.0//EN" "http://mybatis.org/dtd/mybatis-3-mapper.dtd" >
<mapper namespace="com.hnkjxy.mapper.RepairMapper" >
  <resultMap id="BaseResultMap" type="com.hnkjxy.pojo.Repair" >
    <id column="repair_id" property="repairId" jdbcType="INTEGER" />
    <result column="res_id" property="resId" jdbcType="INTEGER" />
    <result column="submit_user_id" property="submitUserId" jdbcType="INTEGER" />
    <result column="repair_user_id" property="repairUserId" jdbcType="INTEGER" />
    <result column="remark" property="remark" jdbcType="VARCHAR" />
    <result column="state" property="state" jdbcType="INTEGER" />
  </resultMap>
  <sql id="Example_Where_Clause" >
    <where >
      <foreach collection="oredCriteria" item="criteria" separator="or" >
        <if test="criteria.valid" >
          <trim prefix="(" suffix=")" prefixOverrides="and" >
            <foreach collection="criteria.criteria" item="criterion" >
              <choose >
                <when test="criterion.noValue" >
                  and ${criterion.condition}
                </when>
                <when test="criterion.singleValue" >
                  and ${criterion.condition} #{criterion.value}
                </when>
                <when test="criterion.betweenValue" >
                  and ${criterion.condition} #{criterion.value} and #{criterion.secondValue}
                </when>
                <when test="criterion.listValue" >
                  and ${criterion.condition}
                  <foreach collection="criterion.value" item="listItem" open="(" close=")" separator="," >
                    #{listItem}
                  </foreach>
                </when>
              </choose>
            </foreach>
          </trim>
        </if>
      </foreach>
    </where>
  </sql>
  <sql id="Update_By_Example_Where_Clause" >
    <where >
      <foreach collection="example.oredCriteria" item="criteria" separator="or" >
        <if test="criteria.valid" >
          <trim prefix="(" suffix=")" prefixOverrides="and" >
            <foreach collection="criteria.criteria" item="criterion" >
              <choose >
                <when test="criterion.noValue" >
                  and ${criterion.condition}
                </when>
                <when test="criterion.singleValue" >
                  and ${criterion.condition} #{criterion.value}
                </when>
                <when test="criterion.betweenValue" >
                  and ${criterion.condition} #{criterion.value} and #{criterion.secondValue}
                </when>
                <when test="criterion.listValue" >
                  and ${criterion.condition}
                  <foreach collection="criterion.value" item="listItem" open="(" close=")" separator="," >
                    #{listItem}
                  </foreach>
                </when>
              </choose>
            </foreach>
          </trim>
        </if>
      </foreach>
    </where>
  </sql>
  <sql id="Base_Column_List" >
    repair_id, res_id, submit_user_id, repair_user_id, remark, state
  </sql>
  <select id="selectByExample" resultMap="BaseResultMap" parameterType="com.hnkjxy.pojo.RepairExample" >
    select
    <if test="distinct" >
      distinct
    </if>
    <include refid="Base_Column_List" />
    from tb_repair
    <if test="_parameter != null" >
      <include refid="Example_Where_Clause" />
    </if>
    <if test="orderByClause != null" >
      order by ${orderByClause}
    </if>
  </select>
  <select id="selectByPrimaryKey" resultMap="BaseResultMap" parameterType="java.lang.Integer" >
    select 
    <include refid="Base_Column_List" />
    from tb_repair
    where repair_id = #{repairId,jdbcType=INTEGER}
  </select>
  <delete id="deleteByPrimaryKey" parameterType="java.lang.Integer" >
    delete from tb_repair
    where repair_id = #{repairId,jdbcType=INTEGER}
  </delete>
  <delete id="deleteByExample" parameterType="com.hnkjxy.pojo.RepairExample" >
    delete from tb_repair
    <if test="_parameter != null" >
      <include refid="Example_Where_Clause" />
    </if>
  </delete>
  <insert id="insert" parameterType="com.hnkjxy.pojo.Repair" >
    insert into tb_repair (repair_id, res_id, submit_user_id, 
      repair_user_id, remark, state
      )
    values (#{repairId,jdbcType=INTEGER}, #{resId,jdbcType=INTEGER}, #{submitUserId,jdbcType=INTEGER}, 
      #{repairUserId,jdbcType=INTEGER}, #{remark,jdbcType=VARCHAR}, #{state,jdbcType=INTEGER}
      )
  </insert>
  <insert id="insertSelective" parameterType="com.hnkjxy.pojo.Repair" >
    insert into tb_repair
    <trim prefix="(" suffix=")" suffixOverrides="," >
      <if test="repairId != null" >
        repair_id,
      </if>
      <if test="resId != null" >
        res_id,
      </if>
      <if test="submitUserId != null" >
        submit_user_id,
      </if>
      <if test="repairUserId != null" >
        repair_user_id,
      </if>
      <if test="remark != null" >
        remark,
      </if>
      <if test="state != null" >
        state,
      </if>
    </trim>
    <trim prefix="values (" suffix=")" suffixOverrides="," >
      <if test="repairId != null" >
        #{repairId,jdbcType=INTEGER},
      </if>
      <if test="resId != null" >
        #{resId,jdbcType=INTEGER},
      </if>
      <if test="submitUserId != null" >
        #{submitUserId,jdbcType=INTEGER},
      </if>
      <if test="repairUserId != null" >
        #{repairUserId,jdbcType=INTEGER},
      </if>
      <if test="remark != null" >
        #{remark,jdbcType=VARCHAR},
      </if>
      <if test="state != null" >
        #{state,jdbcType=INTEGER},
      </if>
    </trim>
  </insert>
  <select id="countByExample" parameterType="com.hnkjxy.pojo.RepairExample" resultType="java.lang.Integer" >
    select count(*) from tb_repair
    <if test="_parameter != null" >
      <include refid="Example_Where_Clause" />
    </if>
  </select>
  <update id="updateByExampleSelective" parameterType="map" >
    update tb_repair
    <set >
      <if test="record.repairId != null" >
        repair_id = #{record.repairId,jdbcType=INTEGER},
      </if>
      <if test="record.resId != null" >
        res_id = #{record.resId,jdbcType=INTEGER},
      </if>
      <if test="record.submitUserId != null" >
        submit_user_id = #{record.submitUserId,jdbcType=INTEGER},
      </if>
      <if test="record.repairUserId != null" >
        repair_user_id = #{record.repairUserId,jdbcType=INTEGER},
      </if>
      <if test="record.remark != null" >
        remark = #{record.remark,jdbcType=VARCHAR},
      </if>
      <if test="record.state != null" >
        state = #{record.state,jdbcType=INTEGER},
      </if>
    </set>
    <if test="_parameter != null" >
      <include refid="Update_By_Example_Where_Clause" />
    </if>
  </update>
  <update id="updateByExample" parameterType="map" >
    update tb_repair
    set repair_id = #{record.repairId,jdbcType=INTEGER},
      res_id = #{record.resId,jdbcType=INTEGER},
      submit_user_id = #{record.submitUserId,jdbcType=INTEGER},
      repair_user_id = #{record.repairUserId,jdbcType=INTEGER},
      remark = #{record.remark,jdbcType=VARCHAR},
      state = #{record.state,jdbcType=INTEGER}
    <if test="_parameter != null" >
      <include refid="Update_By_Example_Where_Clause" />
    </if>
  </update>
  <update id="updateByPrimaryKeySelective" parameterType="com.hnkjxy.pojo.Repair" >
    update tb_repair
    <set >
      <if test="resId != null" >
        res_id = #{resId,jdbcType=INTEGER},
      </if>
      <if test="submitUserId != null" >
        submit_user_id = #{submitUserId,jdbcType=INTEGER},
      </if>
      <if test="repairUserId != null" >
        repair_user_id = #{repairUserId,jdbcType=INTEGER},
      </if>
      <if test="remark != null" >
        remark = #{remark,jdbcType=VARCHAR},
      </if>
      <if test="state != null" >
        state = #{state,jdbcType=INTEGER},
      </if>
    </set>
    where repair_id = #{repairId,jdbcType=INTEGER}
  </update>
  <update id="updateByPrimaryKey" parameterType="com.hnkjxy.pojo.Repair" >
    update tb_repair
    set res_id = #{resId,jdbcType=INTEGER},
      submit_user_id = #{submitUserId,jdbcType=INTEGER},
      repair_user_id = #{repairUserId,jdbcType=INTEGER},
      remark = #{remark,jdbcType=VARCHAR},
      state = #{state,jdbcType=INTEGER}
    where repair_id = #{repairId,jdbcType=INTEGER}
  </update>
</mapper>