<?xml version="1.0" encoding="UTF-8" ?>
<!DOCTYPE mapper PUBLIC "-//mybatis.org//DTD Mapper 3.0//EN" "http://mybatis.org/dtd/mybatis-3-mapper.dtd" >
<mapper namespace="com.hnkjxy.mapper.ResMapper" >
  <resultMap id="BaseResultMap" type="com.hnkjxy.pojo.Res" >
    <id column="res_id" property="resId" jdbcType="INTEGER" />
    <result column="res_name" property="resName" jdbcType="VARCHAR" />
    <result column="classify_id" property="classifyId" jdbcType="INTEGER" />
    <result column="department_id" property="departmentId" jdbcType="INTEGER" />
    <result column="state" property="state" jdbcType="INTEGER" />
  </resultMap>
  <sql id="Example_Where_Clause" >
    <where >
      <foreach collection="oredCriteria" item="criteria" separator="or" >
        <if test="criteria.valid" >
          <trim prefix="(" suffix=")" prefixOverrides="and" >
            <foreach collection="criteria.criteria" item="criterion" >
              <choose >
                <when test="criterion.noValue" >
                  and ${criterion.condition}
                </when>
                <when test="criterion.singleValue" >
                  and ${criterion.condition} #{criterion.value}
                </when>
                <when test="criterion.betweenValue" >
                  and ${criterion.condition} #{criterion.value} and #{criterion.secondValue}
                </when>
                <when test="criterion.listValue" >
                  and ${criterion.condition}
                  <foreach collection="criterion.value" item="listItem" open="(" close=")" separator="," >
                    #{listItem}
                  </foreach>
                </when>
              </choose>
            </foreach>
          </trim>
        </if>
      </foreach>
    </where>
  </sql>
  <sql id="Update_By_Example_Where_Clause" >
    <where >
      <foreach collection="example.oredCriteria" item="criteria" separator="or" >
        <if test="criteria.valid" >
          <trim prefix="(" suffix=")" prefixOverrides="and" >
            <foreach collection="criteria.criteria" item="criterion" >
              <choose >
                <when test="criterion.noValue" >
                  and ${criterion.condition}
                </when>
                <when test="criterion.singleValue" >
                  and ${criterion.condition} #{criterion.value}
                </when>
                <when test="criterion.betweenValue" >
                  and ${criterion.condition} #{criterion.value} and #{criterion.secondValue}
                </when>
                <when test="criterion.listValue" >
                  and ${criterion.condition}
                  <foreach collection="criterion.value" item="listItem" open="(" close=")" separator="," >
                    #{listItem}
                  </foreach>
                </when>
              </choose>
            </foreach>
          </trim>
        </if>
      </foreach>
    </where>
  </sql>
  <sql id="Base_Column_List" >
    res_id, res_name, classify_id, department_id, state
  </sql>
  <select id="selectByExample" resultMap="BaseResultMap" parameterType="com.hnkjxy.pojo.ResExample" >
    select
    <if test="distinct" >
      distinct
    </if>
    <include refid="Base_Column_List" />
    from tb_res
    <if test="_parameter != null" >
      <include refid="Example_Where_Clause" />
    </if>
    <if test="orderByClause != null" >
      order by ${orderByClause}
    </if>
  </select>
  <select id="selectByPrimaryKey" resultMap="BaseResultMap" parameterType="java.lang.Integer" >
    select 
    <include refid="Base_Column_List" />
    from tb_res
    where res_id = #{resId,jdbcType=INTEGER}
  </select>
  <delete id="deleteByPrimaryKey" parameterType="java.lang.Integer" >
    delete from tb_res
    where res_id = #{resId,jdbcType=INTEGER}
  </delete>
  <delete id="deleteByExample" parameterType="com.hnkjxy.pojo.ResExample" >
    delete from tb_res
    <if test="_parameter != null" >
      <include refid="Example_Where_Clause" />
    </if>
  </delete>
  <insert id="insert" parameterType="com.hnkjxy.pojo.Res" >
    insert into tb_res (res_id, res_name, classify_id, 
      department_id, state)
    values (#{resId,jdbcType=INTEGER}, #{resName,jdbcType=VARCHAR}, #{classifyId,jdbcType=INTEGER}, 
      #{departmentId,jdbcType=INTEGER}, #{state,jdbcType=INTEGER})
  </insert>
  <insert id="insertSelective" parameterType="com.hnkjxy.pojo.Res" >
    insert into tb_res
    <trim prefix="(" suffix=")" suffixOverrides="," >
      <if test="resId != null" >
        res_id,
      </if>
      <if test="resName != null" >
        res_name,
      </if>
      <if test="classifyId != null" >
        classify_id,
      </if>
      <if test="departmentId != null" >
        department_id,
      </if>
      <if test="state != null" >
        state,
      </if>
    </trim>
    <trim prefix="values (" suffix=")" suffixOverrides="," >
      <if test="resId != null" >
        #{resId,jdbcType=INTEGER},
      </if>
      <if test="resName != null" >
        #{resName,jdbcType=VARCHAR},
      </if>
      <if test="classifyId != null" >
        #{classifyId,jdbcType=INTEGER},
      </if>
      <if test="departmentId != null" >
        #{departmentId,jdbcType=INTEGER},
      </if>
      <if test="state != null" >
        #{state,jdbcType=INTEGER},
      </if>
    </trim>
  </insert>
  <select id="countByExample" parameterType="com.hnkjxy.pojo.ResExample" resultType="java.lang.Integer" >
    select count(*) from tb_res
    <if test="_parameter != null" >
      <include refid="Example_Where_Clause" />
    </if>
  </select>
  <update id="updateByExampleSelective" parameterType="map" >
    update tb_res
    <set >
      <if test="record.resId != null" >
        res_id = #{record.resId,jdbcType=INTEGER},
      </if>
      <if test="record.resName != null" >
        res_name = #{record.resName,jdbcType=VARCHAR},
      </if>
      <if test="record.classifyId != null" >
        classify_id = #{record.classifyId,jdbcType=INTEGER},
      </if>
      <if test="record.departmentId != null" >
        department_id = #{record.departmentId,jdbcType=INTEGER},
      </if>
      <if test="record.state != null" >
        state = #{record.state,jdbcType=INTEGER},
      </if>
    </set>
    <if test="_parameter != null" >
      <include refid="Update_By_Example_Where_Clause" />
    </if>
  </update>
  <update id="updateByExample" parameterType="map" >
    update tb_res
    set res_id = #{record.resId,jdbcType=INTEGER},
      res_name = #{record.resName,jdbcType=VARCHAR},
      classify_id = #{record.classifyId,jdbcType=INTEGER},
      department_id = #{record.departmentId,jdbcType=INTEGER},
      state = #{record.state,jdbcType=INTEGER}
    <if test="_parameter != null" >
      <include refid="Update_By_Example_Where_Clause" />
    </if>
  </update>
  <update id="updateByPrimaryKeySelective" parameterType="com.hnkjxy.pojo.Res" >
    update tb_res
    <set >
      <if test="resName != null" >
        res_name = #{resName,jdbcType=VARCHAR},
      </if>
      <if test="classifyId != null" >
        classify_id = #{classifyId,jdbcType=INTEGER},
      </if>
      <if test="departmentId != null" >
        department_id = #{departmentId,jdbcType=INTEGER},
      </if>
      <if test="state != null" >
        state = #{state,jdbcType=INTEGER},
      </if>
    </set>
    where res_id = #{resId,jdbcType=INTEGER}
  </update>
  <update id="updateByPrimaryKey" parameterType="com.hnkjxy.pojo.Res" >
    update tb_res
    set res_name = #{resName,jdbcType=VARCHAR},
      classify_id = #{classifyId,jdbcType=INTEGER},
      department_id = #{departmentId,jdbcType=INTEGER},
      state = #{state,jdbcType=INTEGER}
    where res_id = #{resId,jdbcType=INTEGER}
  </update>
</mapper>