<?xml version="1.0" encoding="UTF-8" ?>
<!DOCTYPE mapper PUBLIC "-//mybatis.org//DTD Mapper 3.0//EN" "http://mybatis.org/dtd/mybatis-3-mapper.dtd" >
<mapper namespace="com.hnkjxy.mapper.UserMapper" >
  <resultMap id="BaseResultMap" type="com.hnkjxy.pojo.User" >
    <id column="user_id" property="userId" jdbcType="INTEGER" />
    <result column="user_name" property="userName" jdbcType="VARCHAR" />
    <result column="phone" property="phone" jdbcType="VARCHAR" />
    <result column="address" property="address" jdbcType="VARCHAR" />
    <result column="email" property="email" jdbcType="VARCHAR" />
    <result column="department_id" property="departmentId" jdbcType="INTEGER" />
    <result column="role" property="role" jdbcType="INTEGER" />
    <result column="position_id" property="positionId" jdbcType="INTEGER" />
    <result column="state" property="state" jdbcType="INTEGER" />
  </resultMap>
  <sql id="Example_Where_Clause" >
    <where >
      <foreach collection="oredCriteria" item="criteria" separator="or" >
        <if test="criteria.valid" >
          <trim prefix="(" suffix=")" prefixOverrides="and" >
            <foreach collection="criteria.criteria" item="criterion" >
              <choose >
                <when test="criterion.noValue" >
                  and ${criterion.condition}
                </when>
                <when test="criterion.singleValue" >
                  and ${criterion.condition} #{criterion.value}
                </when>
                <when test="criterion.betweenValue" >
                  and ${criterion.condition} #{criterion.value} and #{criterion.secondValue}
                </when>
                <when test="criterion.listValue" >
                  and ${criterion.condition}
                  <foreach collection="criterion.value" item="listItem" open="(" close=")" separator="," >
                    #{listItem}
                  </foreach>
                </when>
              </choose>
            </foreach>
          </trim>
        </if>
      </foreach>
    </where>
  </sql>
  <sql id="Update_By_Example_Where_Clause" >
    <where >
      <foreach collection="example.oredCriteria" item="criteria" separator="or" >
        <if test="criteria.valid" >
          <trim prefix="(" suffix=")" prefixOverrides="and" >
            <foreach collection="criteria.criteria" item="criterion" >
              <choose >
                <when test="criterion.noValue" >
                  and ${criterion.condition}
                </when>
                <when test="criterion.singleValue" >
                  and ${criterion.condition} #{criterion.value}
                </when>
                <when test="criterion.betweenValue" >
                  and ${criterion.condition} #{criterion.value} and #{criterion.secondValue}
                </when>
                <when test="criterion.listValue" >
                  and ${criterion.condition}
                  <foreach collection="criterion.value" item="listItem" open="(" close=")" separator="," >
                    #{listItem}
                  </foreach>
                </when>
              </choose>
            </foreach>
          </trim>
        </if>
      </foreach>
    </where>
  </sql>
  <sql id="Base_Column_List" >
    user_id, user_name, phone, address, email, department_id, role, position_id, state
  </sql>
  <select id="selectByExample" resultMap="BaseResultMap" parameterType="com.hnkjxy.pojo.UserExample" >
    select
    <if test="distinct" >
      distinct
    </if>
    <include refid="Base_Column_List" />
    from tb_user
    <if test="_parameter != null" >
      <include refid="Example_Where_Clause" />
    </if>
    <if test="orderByClause != null" >
      order by ${orderByClause}
    </if>
  </select>
  <select id="selectByPrimaryKey" resultMap="BaseResultMap" parameterType="java.lang.Integer" >
    select 
    <include refid="Base_Column_List" />
    from tb_user
    where user_id = #{userId,jdbcType=INTEGER}
  </select>
  <delete id="deleteByPrimaryKey" parameterType="java.lang.Integer" >
    delete from tb_user
    where user_id = #{userId,jdbcType=INTEGER}
  </delete>
  <delete id="deleteByExample" parameterType="com.hnkjxy.pojo.UserExample" >
    delete from tb_user
    <if test="_parameter != null" >
      <include refid="Example_Where_Clause" />
    </if>
  </delete>
  <insert id="insert" parameterType="com.hnkjxy.pojo.User" >
    insert into tb_user (user_id, user_name, phone, 
      address, email, department_id, 
      role, position_id, state
      )
    values (#{userId,jdbcType=INTEGER}, #{userName,jdbcType=VARCHAR}, #{phone,jdbcType=VARCHAR}, 
      #{address,jdbcType=VARCHAR}, #{email,jdbcType=VARCHAR}, #{departmentId,jdbcType=INTEGER}, 
      #{role,jdbcType=INTEGER}, #{positionId,jdbcType=INTEGER}, #{state,jdbcType=INTEGER}
      )
  </insert>
  <insert id="insertSelective" parameterType="com.hnkjxy.pojo.User" >
    insert into tb_user
    <trim prefix="(" suffix=")" suffixOverrides="," >
      <if test="userId != null" >
        user_id,
      </if>
      <if test="userName != null" >
        user_name,
      </if>
      <if test="phone != null" >
        phone,
      </if>
      <if test="address != null" >
        address,
      </if>
      <if test="email != null" >
        email,
      </if>
      <if test="departmentId != null" >
        department_id,
      </if>
      <if test="role != null" >
        role,
      </if>
      <if test="positionId != null" >
        position_id,
      </if>
      <if test="state != null" >
        state,
      </if>
    </trim>
    <trim prefix="values (" suffix=")" suffixOverrides="," >
      <if test="userId != null" >
        #{userId,jdbcType=INTEGER},
      </if>
      <if test="userName != null" >
        #{userName,jdbcType=VARCHAR},
      </if>
      <if test="phone != null" >
        #{phone,jdbcType=VARCHAR},
      </if>
      <if test="address != null" >
        #{address,jdbcType=VARCHAR},
      </if>
      <if test="email != null" >
        #{email,jdbcType=VARCHAR},
      </if>
      <if test="departmentId != null" >
        #{departmentId,jdbcType=INTEGER},
      </if>
      <if test="role != null" >
        #{role,jdbcType=INTEGER},
      </if>
      <if test="positionId != null" >
        #{positionId,jdbcType=INTEGER},
      </if>
      <if test="state != null" >
        #{state,jdbcType=INTEGER},
      </if>
    </trim>
  </insert>
  <select id="countByExample" parameterType="com.hnkjxy.pojo.UserExample" resultType="java.lang.Integer" >
    select count(*) from tb_user
    <if test="_parameter != null" >
      <include refid="Example_Where_Clause" />
    </if>
  </select>
  <update id="updateByExampleSelective" parameterType="map" >
    update tb_user
    <set >
      <if test="record.userId != null" >
        user_id = #{record.userId,jdbcType=INTEGER},
      </if>
      <if test="record.userName != null" >
        user_name = #{record.userName,jdbcType=VARCHAR},
      </if>
      <if test="record.phone != null" >
        phone = #{record.phone,jdbcType=VARCHAR},
      </if>
      <if test="record.address != null" >
        address = #{record.address,jdbcType=VARCHAR},
      </if>
      <if test="record.email != null" >
        email = #{record.email,jdbcType=VARCHAR},
      </if>
      <if test="record.departmentId != null" >
        department_id = #{record.departmentId,jdbcType=INTEGER},
      </if>
      <if test="record.role != null" >
        role = #{record.role,jdbcType=INTEGER},
      </if>
      <if test="record.positionId != null" >
        position_id = #{record.positionId,jdbcType=INTEGER},
      </if>
      <if test="record.state != null" >
        state = #{record.state,jdbcType=INTEGER},
      </if>
    </set>
    <if test="_parameter != null" >
      <include refid="Update_By_Example_Where_Clause" />
    </if>
  </update>
  <update id="updateByExample" parameterType="map" >
    update tb_user
    set user_id = #{record.userId,jdbcType=INTEGER},
      user_name = #{record.userName,jdbcType=VARCHAR},
      phone = #{record.phone,jdbcType=VARCHAR},
      address = #{record.address,jdbcType=VARCHAR},
      email = #{record.email,jdbcType=VARCHAR},
      department_id = #{record.departmentId,jdbcType=INTEGER},
      role = #{record.role,jdbcType=INTEGER},
      position_id = #{record.positionId,jdbcType=INTEGER},
      state = #{record.state,jdbcType=INTEGER}
    <if test="_parameter != null" >
      <include refid="Update_By_Example_Where_Clause" />
    </if>
  </update>
  <update id="updateByPrimaryKeySelective" parameterType="com.hnkjxy.pojo.User" >
    update tb_user
    <set >
      <if test="userName != null" >
        user_name = #{userName,jdbcType=VARCHAR},
      </if>
      <if test="phone != null" >
        phone = #{phone,jdbcType=VARCHAR},
      </if>
      <if test="address != null" >
        address = #{address,jdbcType=VARCHAR},
      </if>
      <if test="email != null" >
        email = #{email,jdbcType=VARCHAR},
      </if>
      <if test="departmentId != null" >
        department_id = #{departmentId,jdbcType=INTEGER},
      </if>
      <if test="role != null" >
        role = #{role,jdbcType=INTEGER},
      </if>
      <if test="positionId != null" >
        position_id = #{positionId,jdbcType=INTEGER},
      </if>
      <if test="state != null" >
        state = #{state,jdbcType=INTEGER},
      </if>
    </set>
    where user_id = #{userId,jdbcType=INTEGER}
  </update>
  <update id="updateByPrimaryKey" parameterType="com.hnkjxy.pojo.User" >
    update tb_user
    set user_name = #{userName,jdbcType=VARCHAR},
      phone = #{phone,jdbcType=VARCHAR},
      address = #{address,jdbcType=VARCHAR},
      email = #{email,jdbcType=VARCHAR},
      department_id = #{departmentId,jdbcType=INTEGER},
      role = #{role,jdbcType=INTEGER},
      position_id = #{positionId,jdbcType=INTEGER},
      state = #{state,jdbcType=INTEGER}
    where user_id = #{userId,jdbcType=INTEGER}
  </update>
</mapper>